cerbon,bebasan,indonesia
adon-adon,adon-adon,adonan
adu,aben,adu sabung
adu arep,aben ajeng,berhadapan
adus,siram,mandi
agama,agami,agama
age,mangga,silakan
age-age,enggal-enggal,cepat-cepat
agi,saweg,sedang
agrong,agrong,bergema
aja,sampun,jangan
ajang,ambeng,tempat nasi
ajar,ajar,ajar
ajeg,tetep,tetap
ajer,ajer,berseri
ajir,ajir,tonggak
akas,akas,keras
akeh,katah,banyak
aksara,aksara,huruf
aku,kula dalem,aku
aku-aku,ngangken,mengaku
akur,akur,bersatu
akur,akur,setuju
ala (blesak),awon,buruk
alamat,alamat,alamat
alangan,pambengan,rintangan
abab,abab,bau mulut
abah,abah,ayah
aban,suwanten,suara
abang,abrit,merah
abang branang,abrit pindah,merah sekali
abang-abang lambe,abang-abang lambe,basa-basi
abekan,tilasan,bekasan
abek,tilas,bekas
abong-abong,kediran,kediran
abot,abot,berat
abuh,abuh,bengkak
abyor,abyor,gemerlap
acak-acakan,acak-acakan,semrawut
acan,dereng,belum
adag-udug,adag-udug,sombong
adang,adang,menanak nasi
adem,adem,dingin
adep-adepan,aben ajeng,berhadapan
adi,adi,adik
adil,adil,adil
adoh,tebih,jauh
adol,wade,jual
alap,susul,jemput
alas,wana,hutan
alasan,daharan,makan
alat,pekakas,perkakas
alem,alem,sanjung
aleman,aleman,kolokan
alesan,alesan,alasan
ali-ali,ali-ali,cincin
alih,pindah,pindah
alim,alim,kalem
ling-aling,aling-aling,kijab tutup
alis,imba,alis
aluk,milih,pilih
aluk,nyukani sumerap,memberitahu
alon,alon,perlahan
alu,alu,antan
alus,alus,halus
ama,ama,hama
aman,aman,aman
amanat,amanat,pesan
amba,wiyar,luas
ambal,tingkat,tingkat
ambekan,ambekan,napas
ambeke,kepengene,keinginannya
ambir,supados,agar
ambiran,supados,agar
amblas,teras,terus
ambles,ambles,ambles
ambrek,ambrek,ambruk
ambrol,ambrol,ambrol
ambu,ambet,bau
ambung,ambeng,cium
amis,amis,anyir
amit,nuwun sewu,permisi
amoh,amoh,lunak
ampas,ampas,ampas
ampenan,sampe,hingga
ampo,ampo,ampo
amuk,amuk,marah
ana,wonten,ada
anak,putra,putra
anak kuwalon,anak kuwalon,anak tiri
anak pupon,anak pupon,anak angkat
anak-anakan,golek,boneka
apes,apes,naas
apu,njet,kapur sirih
arak,arak,arak
aran,nami asma,nama
arang,awis,jarang
areng,areng,arang
arep (ring arep),ajeng,depan
garep,bade,akan
arit,arit,sabt
arti,artos,arti
asah,asah,asah
asal,asal,mula
asat,asat,surut
asem,asem,,asam
asin,asin,asin
asli,asli,asli
esor,andap,bawah
asrep,asrep,tawar
asu,segawon,asu
atawa,atawi atanapi,atau
anter,antuk,antar
ati,manah,kalbu
ati-ati,atos-atos,hati-hati
atis,atis,dingin
atob,atob,sehdawa
atos,atos,keras
atur,atur,mengatur
aturan,aturan,aturan
atur-atur,ngaturi,mengundang
aub,aub,naung
awak,salira,tubuh
awal,awal,awal mula
awan,siang,siang
awangan,awangan,dikte
awang-awang,awang-awang,langit
awang-awangenawang-awangen,awang-awangenawang-awangen,ragu-ragu
awe-awe,awe-awe,mengundang
awe,maringi,memberi
oli,angsal,boleh
awe weruh,nyukani sumerap,memberi tahu
awit,milai,mulai
awu,awu,abu
ayak,ayak,saring
ayam,sawung,ayam
ayan,ayan,ayan
ayom,ayom,naung
ayu,ayu,cantik
ayu (ayo),mangga,mari
ayun,geyong,geong ayun
babad,babad,babat (membabat)
babad,cerita,cerita
babar,pesta,selesai tuntas
babar,lair,lahir
babi,babi,babi
babon,bibitan,induk ayam
babu,babu,pembantu
bae,mawon,saja
bagen,kersane,biar
bagian,bagian,bagian
bagus,sae,baik
nggal,menawi,umpama
bakal,bakal,bakal
bako,sata,tembakau
bakti,baktos,bakti
bakul,bakul,bakul
bakulan,tiyang sadean,penjual
bal,bola,bola
balap,santer,cepat
balapan,balapan,berlomba
balik,kondur,kembali
balung,tosan,tulang
banget,pindah,sangat
bangsa,bangsa,bangsa
banjir,banjir,bah
banjur,nunten,lak
banyak,angsa,angsa
banyu,toya,air
banyu asin,toya asin,air asin
banyu asrep,toya tawar,air tawar
banyu mata,banyu mata,air mata
banyu mil,toya mili,air mengalir
bape,bapa,ayah
barang,barang,barang
bareng,sareng,bersana
ban (karoo),kaliyan,dengan
bari (supaya),supados,agar
bata,banon,bata
batang,batang,bangkai
bati,bati,untung
batin,batos,batin
batonan,batonan,gabungan
batuk,palarapan,dahi
batur,rencang,kawan
bawang,brambang,bawang
bebanyu,tetoya,berak
bebasuh,nyuci,mencuci
bebek,kambangan,bebek
bebel,bebel,bebel
bebenah,beberes,beres-beres
bebersih,bebersih,bersih-bersih
beda,benten,beda
bekas,tilas,bekas
beli,boten,tidak
beling,beling,kaca
belok,belok,kotor
beluk,timbali,panggil
bener,leres,benar
sengiyen,sengiyen,dahulu
bengi,dalu,malam
bengkok,bengkok,bengkok
bening,bening,jernih
bentuk,bentuk,bentuk
beras,uwos,beras
besuk,benjang,kelak
besuk,tilik,tengok
betah,betah kerasan,betah
bisa,saged,bisa dapat
blenak,boten eca,tidak enak
blesak,boten sae,buruk
bloli,boten angsal,tidak dapat
bobad,bobad,dusta
bocah,lare,anak-anak
bodoh,bodoh,dungu
bojo,garwa,istri atau suami
bokat,menawi,barangkali
bokong,bocong,pantat
bola,benang,benang
bonggan,bonggan,bonggan
bonggan dewek,bonggan piyambek,salah sendiri
boreh,konyoh,bedak
bosen,bosen,jenuh
boyok,pamekak,pinggang
bubar,bibar,bubar
bubur,bubur,bubur
budal,bubar,bubar
bujuk,bujuk,rayu
bujukan,bujukan,rayuan
buka,bika,buka
bukti,buktos,bukti
bungah,bingah,gembira
cacak,cobi,coba
candak,cepeng,tang kap
cangkem,tutuk,mulut
caplok,dahar,makan
caturan,ngendikan,omongan
cecek,cecek,sawiya
cedak,caket,dekat
srog,mangga,silakan
cegcegan,astaan,pegangan
ecegen,cepengen,pegang
cekak,cekak,pendek
cekel,asta,pegang
celana,lancingan,celana
undang,timbali,panggil
cendek,pandak,pandak
cengel,griwa,leher
gage,enggal,cepat
ceper,ceper,rata
cerita,ngandika,cerita
ceroboh,ceroboh,gegabah
cewok,cawik,cebok
coba,cobi,coba
cocog,cocog,cocok
contoh,contoh,tulada
coplok,coplok,coplok
cukul,cukul,tumbuh
cukup,cekap,cukup
cukur,paras,cukur
culik,mendet ngrihin,mengambil duluan
culik,culik,culik (menculik)
cuma (cuman),cumi,cuma
cungi (wedian),ajrih,takut
cungur,irung grana,hidung
cunteng,pandeng,pandang
cupet,cupet,beku
cutlik,cutik,dijauhkan
dada,jaja,dada
dadi,dados,jadi
daerah,daerah,daerah
dagang,wade,dagang
dagangan,wadean,berdagang
daging,daging,daging
dakat,dakat,sekalipun
dalan,margi,jalan
dalang,dalang,dalang
damar,damar,pelita
dami,dami,jerami
danas,danas,nanas
dandan,dangdos,berpakaian
dandanan,dangdosan,pakaian
dangdan,bebenah,memperbaiki
dasar,dasar,dasar
dawa,panjang,panjang
dayoh,tamu,tamu
dedangdan,dedangdos,memperbaiki
dekete,kagungane,kepunyaan
delamakan,samparan,telapak kaki
deleng,priksa,lihat
demen,remen,cinta
demenan,remenan,kekasih
dengki,dengki,iri
dengkul,jengku,lutut
derep,mugut,tuai
dermaga,dermagi,jalan
desa,desa,desa
dewek,piyambek,sendiri
dewekan,piyambekan,sendirian
deweke,piyambeke,dia
diadu,diaben,diadu
diajeni,dihormati,dihormati
dialem,dialem,dipuji disanjung
dialokaken,disukani sumerep,diberitahu
dika,panjenengan,anda
dikit,rumiyin,dahulu
dikon,dikengken,diutus
dikubur,dipetak,dikubur
dikum (diekum),diekum,direndam
dikumbah,dicuci,dicuci
dina,dinten,harn
ditalangi,ditalangi,diganti
dlamakan,samparan,telapak kaki
dodok (lunggun),pinarak,duduk
dodokan,lenggahan,duduk-duduk
dodokan,palenggahan,tempat duduk
dodol,wade,jual
dolan,dolan,main
dolanan,dolanan,bermain
doyan,kersa,doyan
driji (derij),racikan,jari-jari
dudu,dede,bukan
duku (buah),duku,duku
dukuh,kampung,kampung
dukun,dukun,dukun
duren,duren,durian
durung,dereng,belum
durung acan,dereng acan,belum sama sekali
duwe,kagungan,punya
duwit,yatra,uang
duwur,inggil,tinggi
edan,edan,gila
eling (kelingan),emut,ingat
eling (sadar),eling,sadar
elong ( long),kirangi,kurangi
elor,ler,utara
elos (los),mangga,silakan
eman,eman,sayang
emben,emben,lusa
embok,ema,lbu
embok enom,embok nem,lbu tiri
embok kuwalon,lbu kwalon,ibu tiri
embok tuwa,embah,nenek
embuh,duka,entah
embun-embunan,embun-embunan,ubuh-ubun
empal,empal,gulai
enak-(ngupai),sukani,beri (memberi)
enak-(nikmat),eca,lezat
enakaken,sukakaken,berikan
encung,terong,terung
endas,mestaka,kepala
endep,andap,rendah
endi,pundi,mana
endog,tigan,telur
enggo,agem,pakai
enggon,enggen,tempat
engko,mengkin,nanti
engon,angen,menggembala
enteng,enteng,ringan
enteni,entosi,tunggu
entog,entog,itik
entok,telas,habis
enyang,awis,tawar
epek-epek,epek-epek,telapak tangan
eran,eran,ganjil
eri,eri,onak
esod,esod,esod
esor,andap,bawah
esuk,enjing,pagi
etung,etang,hitung
gabah,gabah,gabah
gabeng,enteng,entengringan
gabug,gabug,gabuk
gabung,gabung,gabung
gage,enggal,cepat
gagiyan,enggal-enggal,cepat-cepat
gajah,liman,gajah
galak,galak,buas
gampang,gampil,gampang mudah
gancang,enggal,cepat
ganjar,bales,balas
ganjen,ganjen,centil
ganti,gantos,ganti
gantian,gantosan,gantian
garap,ngasta,garap
garing,garing kering,kering
gatel,gatel,gatal
gawa,bakta,bawa
gawan,astaan,bawaan
gawe,damel,membuat
gedang,pisang,pisang
gede,ageng,agung
gedong,gedong,gedung
geger,geger,onar
gegulat,madosi,mencari
gelang,binggel,gelang
gelas,gelas,gelas
gelem,kersa,mau
gelis,enggal,cepat
gelung,ukel,sanggul
gemuyu,gemujeng,tertawa
gena,panggenan,tempat
gena lair,panggenan lair,tempat lahir
gena turu,panggenan sare,tempat tidur
genau,blajar,belajar
geni,brama,api
gerak,gerak,gerak
gering ( kuru),kuru,kurus
gering (sakit),gerah,sakit
gerus,gerus,tumbuk
getih,rah,darah
geting,geting,daki
getun,getun,menyesal
gigir,pengkeran,punggung
giguh,jember,jijik
gila,gila,jijik dan takut
gleleng,leson,tiduran
glepung,glepung,tepung
godog,godog,rebus
godong,ron,daun
golek,golek,boneka
golet,ngilari,carn
golong-golong,golong-golong,baris
gorek,gorek,mencarin
goroh,goroh,dusta
gorong-gorong,gorong-gorong,gorong-gorong
grembelan,grembelan,kerompodlan
grigis,grigis,gerimis
gula,gendis,gula
gegulat,llar,can
gulu,jangga,leher
gulung,gulung,gulung
buri,pengker,belakang
gurih,raos,enak
guru,gunu,guru
guwa,guwa,goa
guwang,birat,buang
lbarat,ibarat,ibarat
lbu,bu,lbu
idep,ibing,bulu mata
lduh,kecoh,ludah
lga,nika,itu
ga (rusuk),iga,rusuk
igi,nikiyen,ini
igu,nikuwen,itu
ljo,ljem,hijau
jjon,renten,rente
ika,nika,itu
iket,destar,ikat kepala
iki,nikiyen,ini
iku,nikuwen,itu
llang,ical,raib
llat,lidah,lidah
imbu,imbu,peran
imbuh (tambah),tambih,tambah
indang-indang,indang-indang,penutup
inep,nyare,minap
ing (ning),dateng,di
inget,kemutan,ingat
inggir,inggir,sebelah
ingon,klangenan,peliharaan
inum,unjuk,minum
ira,panjenengan,kamu ianda
ireng,cemeng,hitam
iring (inggir),iring,sebelah
iring (ngiring),iring,mengiring
iringan,iringan,samping
iring-iningan,iring-iringan,berdarnpingan
iring-iningan,iring-iringan,rombongan
iris,iris,iris
irung,grana,hidung
isi,isi,isi
isin,lingsem,malu aib
isun,dalem,aku
itung,etang,hitung
iwak,ulam,ikan
lya,enggih,ya
jaba,jawi,luar
jabur,kue,kue
jaga,jagi,jaga
jagong,pinarak,duduk
jagung,jagung,jagung
jajan,jajan,belanja
jalu,jalu,aj
jaluk,nyuwun,mohon
jalukan,penyuwunan,permintaan
jam,jam,jam
jamu,jampi,jamu
janggal,janggal,janggal
janggut,sedegan,dagu
janj,jani,lkrar
jaran,kapal,kuda
jare,cape,katanya
jarit,nyamping,kain
jati,jatos,jati
jawa,jawi,jawa
jejaluk,nyuwun-nyuwun,minta-minta
jejer,jejer,jajar
jembar,jembar,jembar
jember,jember,jijik
jempol,jempol,lbu jari
jenat,suwargi,mendiang
jeneng,asma,sebutan
jenggot,gumbala,jenggot
jeriji,jeriji,jari
jero,lebet,dalam
jeruk,jeram,jeruk
jimat,jimat,azimat
jisim,layon,jenazah
jitok,julukan,kuduk
jodo,jodo,jodoh
jujur,jujur,jujur
jukut,pundut,ambil
julukan,julukan,sebutan
juwara,juwara,juara
kabar,kabar,berita
kabeh,sedaya,semua
kacamata,kaca mripat,kacamata
kading alem,aleman,kolokan
kaget,kejot,terkejut
kaitung,kaetang,terhitung
kakang,raka,kakak
kaken,kekatahen,kebanyaken
kalah,kawon,kalah
kali,lepen,sungai
kalis,slamet,lepas
kaluwarga,kaluwargi,keluarga
kalung,sangsangan,kalung
kamer,kanur,bilik
kamot,kamot,muat
kanca,rencang,kawan
kanda,criyos,cerita
kanggo (terpakai),kangge,terpakai
kanggo (untuk),kangge,uatuk
kapan,kapan,kapan
kapok,kapok,kapok jera
karang,kawis,pekarangan
karangan,karangan,karangan
karena,karanten,sebab
karep,kersa,minat
kembar,kembar,kembar
kemben,kemben,benting
kempol,kempol,pinggang
kempong,kempong,lapar
kempung,kempung,pinggang
kemu,kemu,kumur
kemul,ingep,selimut
kena,kenging,kena
kenal,tepang,kenal
kenangapa,kenging punapa,kenapa
kengelan,sesah,susah
kengulu,bantal,bantal
kepanjing,kalebet,termasuk
kepanjingan,kalebetan,kemasukan
kepengen,kepengen,ingin
kepriye,kados pundi,bagaimana
keranjingan,kerasukan,kemasukan
keras,cepet,cepat
kerasa (krasa),kraos,terasa
kerep,kerep,kerap
keri,keri,geli
keringet (kringet),keringet (kringet),keringat
keris,wangkingan,keris
kerja,nyambut damel,bekerja
kesalahan,kesawonan,kesalahan
kesel,sayah,kesal
kesurupan,kesurupan,kesurupan
kesuwen,kedanguen,kelamaan
kesuwun,kesuwun,terima kasih
ketul,ketul,tumpul
ketumpuu,kebujeng,keburu
kidang,kidang,kijang
kidul,kidul,selatan
kijing,sekaran,kijing
kiki,benjing,besok
kinjeng,kinjeng,capung
kira,kinten,kira
kira-kira,kinten-kinten,kira-kira
kirik,segawon,asu
kirim,kintun,kirim
kita,kula,aku
kiwe,kiri,kiri
kiyen,niki (nikiyen),ini
kiyen (sakiyen),saniki,sekarang
klalen,kesupen,lupa
klambi,rasukan,baju
klapa,krambil,kelapa
klasa,gelaran,tikar
klomo,klomo,merata
kobar,kebesmi,terbakar
kober,kober,sempat
kodek,kodek,kodek
kodok,kodok,kodok
konangan,ketangguan,ketahuan
kondangan,kondangan,kondangan
kongkon,kengken,suruh
kongkonan,kengkenan,suruhan
kongkonen,kengkenen,utusan
kono (ing kono)_,ngriku (tengriku),disitu
konon,mekoten,begitu
koreng,luka,luka
kosong,kosong,kosong
kotor,kotor,kotor
kowe,panjenengan,anda
kram,kram,kejang
kramas,kramas,keramas
kramat,kuburan,kuburan
kramat,kramat,keramat
krasa,kraos,terasa
krasan,betah,betah
krecek-krecek,krecek-krecek,rintik-rintik
kricik,kricik,receh
kricik-kricik,kricik-kricik,gemericik
krompolan,krompolan,gerombolan
krayok,kroyok,kroyok
krucuk,krucuk,kucur
krungu,kepireng,terdengar
kubur,petak,pendam
kuburan,kuburan,pekuburan
kudu,kedah,harus
kuku,kenaka,kuku
kukur,kukur,garuk
kulon,kilen,barat
kum,kum,rendam
kumat,kumat,kambuh
kumbah,cuci,cuci
kumkuman,kumkuman,rendaman
kumpul,kempal,kumpul
kungkum,kungkum,berendam
kuning,jene,kuning
kuping,kana,telinga
kurang,kirang,mines
kursi,kursi,korsi
kuru,gering,kurus
kurung,kurung,pendatang
kandang,kurung,sekap
kurungan,kurungann,sangkar
kuwalat,kuwalat,kualat
kuwali,kuwali,kuali
kuwasa,kuwasa,kuasa
kuwat,kiat,kuat
kuwatir,kuwatos,kuatir
langsung,teras,terus
lara,gerah,sakit
larang,awis,mahal
laris,laris,laris
lawang,konten,pintu
lawas,lambat,lama
layang,serat,surat
ayang-ayang,layangan,bayang-bayang
layangan,layangan,layang-layang
lega,lega,luas
lelungan,kekesahan,bepergian
lemah,siti,tanah
lemari,lemantun,lemari
lembeyan,lembeyan,ayunan tangan
lembur,lembur,lembur
lemes,lemes,lemas
lempeng,lurus,lurus
lempo,lempo,letih
lemu,lema,gemuk
lendek,lendek,perlahan
lendo,lendo,pelan
lenga,lisa,minyak
lenga lantung,lisa lantung,minyak tanah
lenga lentik,lisa lentik,minyak kelapa
lesu,lesu,lesu
lima,gangsal,lima
limalas,gansalwelas,limabelas
limangatus,gangsalatus,limaratus
limangewu,gangsalewu,limaribu
liwat,lintang,lewat
liwet,betek,tanak
liyan,sanes,lain
lolos,lolos,hunus
lomporan,lomporan,lomporan
long,kirangi,kurangi
longan,longan,kolong
longgar,longgar,longgar
lor,ler,utara
loro,kali,dua
luber,luber,luber
luh (kringet),keringet,keringat
lumayan,lumayan,lumayan
lumbung,lumbung,gudang
lumpang,lumpang,lumpang
lumpat,lumpat,lompat
lumpuh,lumpuh,lumpuh
lumpur,lumpur,lumpur
lunga,tindak,pergi
lungguh,duduk,duduk
luntur,luntur,luntur
luput,luput,lepas
luru,madosi,mencari
lurung,lurung,jalan kecil
luwe,kempong,lapar
luwes,luwes,gemular
luwih,langkung,lebih
manut (nurut),manut,menurut
mapag,mapag,menjemput
mara,majar,membertahu
marani,ndugeni,mendatangi
maras,kuwatos,kuatir
marek,medek,mendekat
marekaken,nyaketaken,mendekatkan
mari (waras),waluya,sembuh
mari (mandeg),mantun,berhenti
maro,malih,mertengah
maru,maru,rival
masak,masak,memasak
masih,taksih,masih
mata,netra,mata
mati,seda,mangkat
mati ( api),padem,padam
mau,wau,tadi
mayid,jenazah,jenazah
mbasuh,mbasuh,mencuci
mbokat,bilih,barangkali
mbujuki,mbujuki,merayu
mbuwang,mbirat,membuang
medit,medit,kikir
meja,meja,meja
melang,kuwatos,kuatir
melek,melek,jaga
melek,melek,bosan
melengkung,melengkung,melengkung
melu,tumut,turut
menang,menang,menang
menangi,manggi hi,menemui
menawa,menanten,barangkali
mencep,mencep,mencibir
mendek,mendek,jongkok
mendelik,mendelik,melotot
mendelik,ningali,melihat
mendem,ngubur,mengubur
mendi,pundi,kemana
mendingan,mendingan,lebih baik
mene,mriki,kesini
menehi,maringi,memberi
meneng,mindel,diam
menenge,jumenenge,diamnya
menggawe,nyambutdamel,bekerja
mengkanan,mekaten,begitu
mengkenen,meketen,begini
mengko,mengkin,nanti
mengko (mbesuk),benjang,kelak
mengkonon,mekoten,begitu
menjangan,sangsam,rusa
mertuwa,mersepah,mertua
mesem,mesem,senyum
mesuk,wau enjing,tadi pagi
meteng,ngandung,mengandung
metu,medal,keluar
mikir,mikir,berpikir
minggat,minggat,mbolos
minggir,minggir,menepi
miyang,tindak,pergi
mlaku,melampah,berjalan
mlayu,melajeng,lari
mledug,mledug,penuh debu
miegeg,miegeg,terkesiap
mlengos (raie),mlengos,membuang muka
mlengos (mlesed),mlengos,melenceng
mlilit,miilit,melilit
mlintir,miintir,melintir
mlongo,mlongo,ternganga
mobil,mobil,mobil
moga,mugi,semoga
mogok,mogok,mogok
mono,mriku,kesitu
mubeng,mubeng,berputar
mudun,turun,turun
mula,mila,maka
mulai,milai,mulai
mulane,milane,makanya
mulang,mucal,mengajar
mulih,kondur,pulang
mundak,napa malih,apalagi
mund ur,mundur,mundur
mung,namung,hanya
mungan,namung,hanya
munggah,naek,naik
mungguh,miturut,menurut
mungpung,mumpung,mumpung
muni,mungel,berbunyi
munjuk,menginggil,keatas
murag,murag,jatuh
murah,mirah,murah
musuh,musuh,musuh
mutah,mutah,muntah
mabur,mabur,terbang
maca,maos,membaca
macan,sima,harimau
macem,macem,macam
madang,dahar,makan
maem,neda dahar,makan
mai,maringi,memberi
maido,maiben,masabodoh
mair,mair,ahli
maju,majeng,maju
mamba,lintang,lewat
mambu,mambet,bau
mampir,kampir,mampir
mana,mrika,kesana
mandeg,brentos,berhenti
mandeng,ningali,memandang
manek,manjat,memanjat
mangan,dahar,makan
mangka,pramila,maka
mangkat,tindak,berangkat
maning,malih,lagi
manja (nandur),nanem,menanam
manjing,mlebet,masuk
manuk,peksi,burung
manut (melu),tumut,turut
nabuh,nabuh,membunyikan
naek,minggah,naik
nagih,nagih,menagih
nakal,nakal,nakal
nakoni,nakeni,menanyakan
nambah,nambih,bertambah
nambani,ngobati,ngobati
nampa,nampi,menerima
nampan,nampan,baki
namung,namung,namun
nandur,nanem,menanam
nanggoni,manggihi,menemui
nanging,nanging,tetapi
nangis,muwun,menangis
nangtu,nangtos,tentu
napsu,duka,marah
nasehat,nasehat,nasehat
nawa (menawa),menanten,barangkali
nawakaken,nawakaken,menawarkan
nawakna,nawakna,menawarkan
nawala,layang,surat
nawani,nawani,menawari
ndegel,duka,nafsu
ndeleng,mirsani,menonton
ndelengaken,ningalaken,memperhatikan
ndepes,ndepes,mepet
ndesek,ndesek,mendesak
ndlongop,ndlongop,menganga
ndodok,pinarak,duduk
ndongkel,ndongkel,mencukil
nekakaken,ndugekaken,mendatangkan
nekani,ndugeni,mendatangi
nelangsa,sengsara,sengsara
nemokaken,mangaihaken,menemukan
nemoni,manggihi,menemui
nempataken,nempataken,menempatkan
napsu,nepsu,marah
nerima,nampl,menerima
nerusaken,nerasaken,melanjutkan
nuli,nunten,lalu
ngadang,ngadang,menghadang
ngadeg,jumeneng,berdiri
ngadegaken,ngadegaken,mendirikan
ngadep,ngadep,menghadap
ngadepi,ngadepi,menghadapi
ngadohi,nebihi,menjauhi
ngadu-adu,ngaben-aben,adu domba
ngaku,ngangken,mengaku
ngalap,mapag,menjemput
ngalih,pindah,pindah
ngamba,langkung,lewat
ngambek,ngambek,ngambek
nganggo,ngengge,memakai
nganti,ngantos,sampai
ngantuk,ngantuk,mengantuk
nganyang,ngawis,menawar
ngarani,ngaranimastani,memberi nama
ngarani,nuduh,menuduh
ngarep,ngajeng,kedepan
ngateraken,ngantukaken,mengantarkan
ngatokaken,ningalaken,memperlihatkan
ngeceg,ngasta,memegang
ngedem,ngedem,berendam
ngeden,ngeden,berusaha keras
ngekum,ngekum,merendam
ngeleg,ngeleg,menelan
ngeloni,ngeloni,menidurkan
ngenggoni,ngenggeni,menempati
ngenteni,ngentosi,menanti
ngerti,ngertos,mengerti
ngetokaken,ngedalaken,mengeluarkan
nggal,samban,setiap
nggati,nggantos,mengganti
nggawa,mbakta,membawaa
nggrembel,nggrembel,ngerompol
nggulati,ngilari,mencari
ngilang,ngical,menghilang
ngindur,nglindur,mengigauu
nginep,nyipeng,minap
ngingu,ngingu,memelihara
nginum,ngunjuk,minum
ngirim,ngintun,mengirimn
ngiring,ngiring,mengiring
ngising,tetoya,berak
ngisor,ngandap,di bawah
nglanjutaken,nerasaken,meneruskan
nglimpah,pindah,pindah
ngliwet,mbetek,menanak
ngombe,ngin um,minum
ngomong,nyriyos,berkata
ngongkon,ngengken,menyuruh
ngontog-ontog,ndegel,kesal
ngrasa,ngraos,merasa
ngrecek,ngrecek,gemericik
ngrungu,mireng,mendengar
narupa,narupi,menyerupai
ngubur,metak,mengubur
nguntap,nguntap,kurang sopan
ngupai,maringi,memberi
nguwehi,maringi,memberi
nguyuh,seseni,seseni
ning,dateng,di
ning endi,teng pundi,dimana
ning endi -endi,teng pundit-pundi,dimana-mana
ning kana,teng rikaa,disana
ning kene,teng riki,disiní
ning kono,teng riku,disitu
ninggal dunya,pejah,meninggal
niteni,niteni,memperhatikan
njaga,njagi,menjaga
njaluk,neda,mohon
nlateni,nlateni,menyabari
nom,nem,muda
nonoman,neneman,pemuda
nonton,ningal,nonton
nuku,numbas,membeli
nuli,nunten,kemudian
nulis,nyerat,menulis
numpak,niti,naik
nunggang,niti,menunggang
nunggu,nengga,menunggu
nutugaken,nerasaken,melanjutkan
nutur,madosi,mencari
nuturaken,nyeritakaken,menceritakan
nyacak,nyobi,mencoba
nyakseni,nyakseni,menyaksikan
nyalini,nggentos,mengganti
nyekel,ngasta,memegang
nyelang,nyambut,pinjam
nyelang,nyelang,sisip
nyelub,nyelub,rendam
nyengir,nyengir,tersenyum
nyewot,duka,marah
nyilih,nyambut,meminjam
nylinguk,nylinguk,menoleh
nyoba,nyobi,mencoba
nyritani,nyritani,menceritakan
nyudah,ngirangi,mengurang
nyuguhi,nyuguhi,menghidangkan
nyusul,nyusul,menjemput
obah,obah,robah
obong,obong,bakar
ocek,ocek,kupas
ogoan,ogoan,kolokan
oglek,oglek,goyah
ojeg,ojeg,ojek
oleng,oleng,oleng
omah,griya,rumah
omah-omah,gegriya,berumah tangga
ombe,inum,minum
omben,unjukan,minuman
omong,ngendikan,kata
omong-omong,ngendikan,bercakap-cakap
ompong,daut,ompong
oncom,tempe,tempe
oncor,obor,obor
ongkeb,gerah,gerah
ongkos,ongkos,ongkos
onta,onta,unta
ora,boten,tidak
ora-orane,mboten-botene,stidak-tidaknya
owah,ewah,goncang
oyeg,oyeg,goyang
pacoban,pacobin,percobaan
pacul,pacul,cangkul
pada,sami,sama
padang,padang,terang
padasan,padasan,padasan
padesaan,padusunan,pedesaan
padet,padet,padat
padusan,padusan,pemandian
paidon,pakecoh,tempat meludah
pajeg,pajeg,pajak
palang,palang,palang
paling,paling,paling
panah,panah,panah
panas,panas,panas
panasan,panasan,saingan
panceng,panceng,tepat
pancing,pancing,kail
pandelengan,paningal,penglihatan
panek,panek,panek
panen,panen,panen
pangan,pangan,pangan
panganan,panganan,makanan
panggang,panggang,panggang
panggonan,panggenan,tempat
panguripan,penguripan,penghidupan
pantes,pantes,pantas
papag,papag,jemput
papagan,papagan l kepanggih,berpapasan
papan,papan,papan
papat,sekawan,empat
paran,arah,arah
parani,ndatengi,mendatangi
parek,caket,dekat
parem,boreh,bedak
parl,pantun,padi
paring,nyukani,memberi
paro (separo),palih (sepalih),paruh (separuh)
pasar,peken,pekan
pasaran,pasaran,pasaran
paseduluran,pasederekan,persaudaraan
pati,santen,patih
pati,patos,begitu
patung,patung,arca
patungan,patungan,urunan
payu,pajeng,laku
payung,payúng,payung
pedes,pedes,pedas
pegat (pegatan,pirak (pirakan),cerai
pegawean,pedamelan,pekerjaan
pegel,cape,lelah
pegot,putus,putus
pegunungan,pegunungan,pegunungan
pencet,pejet,tekan
pijet,pencet,pijat
pekarangan,pekawisan,pekarangan
pelanangan,pelanangan,penis
pembarep,pembajeng,sulung
pembuncing,ragil,bungsu
pendek,pendek,pendek
pendem,pendem,pendam
pengajen,pengajen,penghormatan
pengaji,pengaj,bernilai
peng ajjan,pengaosan,pengajian
penganten,penganten,pengantin
pengarep,pengajeng,terkemuka
pengen,pengen,ingin
pengertian,pengertian,pengertian
penggede,pengagung,pembesar
pentolan,pentolan,gembong
pepada,sesami,sesama
pepadan,pepadan,persamaan
pepadang,pepadang,penerang
pepeh,pepeh,berjemur
pepek,pepek,kumplit
pepek rumeng,rupi-rupi,aneka ragam
perak,perak,perak
perawan,rara perawian,gadis
percaya,percanten,percaya
percuma,percumi,percuma
perih (mata),perih,pedih
perih (weteng),perih,melilit
perkara,perkawis,perkara
perlop,perlop,cuti
perlu,peryogi,perlu
permisi,permios,permisi
pernah,nate,pernah
pertama-tama,pertami-tami,pertama-tama
pesawahan,pesawahan,persawahan
pesen,wangkid,pesan
petan,ulik,cari kutu
petarangan,petarangan,sarang
pateng,peteng,gelap
peturon,pesarean,tempat tidur
piandel,kapitadosan,kepercayaan
pijet,petak,pijat
pikir,pikir,pikir
pikiran,pikiran,pikiran
pikulan,rembatan,pikulan
ping,kaping,kali
pinggir,pinggir,tepi
pinicaya,pinitados,dipercaya
pipi,pengarasan,pipi
pira,pinten,berapa
pirang-pirang,katah,banyak
pirant,prantos,buat
pisan,pindah,sekali
plepek,plepek,kejar
plesir,plesir,piknik
pogor,buntu,buntu
pogor,potong,potong
pojok,pojok,pojok
poma,pomi,awas
poma-poma,pomi-pomi,jangan sampai
ponakan,penakan,keponakan
pot,pot,jambangan
poyok,poyok,caci
pragat,pesta,usai
pranti,prantos,untuk
prapatan,prapatan,perempatan
prau,baito,perahu
prentah,prentah,perintah
priben,pripun,bagaimana
prihatin,prihatin,prihatin
priksa,prlyos,periksa
pring,deling,bambu
priyayi,priyantun,priyayi
priye,pripun,bagaimana
puasa,slam,puasa
puden,puden,tumpul
pulen,pulen,pulen
puluhan,dasaan,puluhan
pundak,pamidangan,pundak
punjul,langkung,lebih
puntir,puntir,putar
pupak,daur,ganti gigi
pupu,wentis,paha
pupur,tasik,bedak
puser,tuntunan,pusar
putlh,petak,putih
putu,putu,cucu
putus asa,putus asa,putus asa
puyeng,puyeng,pening
rabl,garwa,istri
rabut,rabut,cabut
rada,radi,agak
radanan,radian,agak
ragu,ragu,ragu
rahayu,wilujeng,selamat
rai,rai pasuryan,wnajah
rambat,rambat,merambat
rambatan,rambatan,pegangan
rambut,rema,rambut
rame,rame,ramal
rampak,rampak,sepadan
rampas,rampass,rampas
rampung,pesta,selesai
rangda,rangda,janda
rata,rata,rata
raup,suryan,cucl muka
rawa,rawa,rawa
rawat,rawat,rawat
rawud,rawud,rawut
raya,riyadin,hari raya
rayap,rayap,anai-anai
rayat,sederek,saudara
rebut,rebat,rebut
rebutan,rebatan,berebut
rega,regi,harga
regas,regas,rapuh
rekasa,sesah,susah
rela,rela,rido
remaja,neneman,remaja
rembug,runding,runding
rembulan,rembulan,candra
remuk,remuk,hancur
rencana,rencana,rencana
rengreng,rengreng,rinci
rerewang,mbantu,membantu
resmi,resmi,resmi
restu,restu,restu
rewang,mbantu,membantu
rewel,rewel,cerewet
ribed,ribed,repot
ribut,ribut,ribut
ridho,ridho,ikhlas
rigel,rigel,jatuh
rigelan,rigelan,jatuhan
rika,panjenengan,anda
rikat,cepet,cepat
rina,siang,siang
riyak,jlagra,dahak
riyaya,riyadin,hari raya
robah,robih,rubah
rogo,rogo,rogo
rokok,rokok,rokok
rolas,kaliwelas,duabelas
rolikur,kalilikur,duapuluhdua
rombak,rombak,rombak
rombeng,rombeng,sobek
rombongan,rombongan,rombongan
rong,guwa,goa
rongatus,kaliatus,duaratus
rongewu,kaliewu,duaribu
rongsok,rongs ok,rongsok
rontog,rontog,rontok
roro,kali,dua
roro-roro,kali-kali,dua-dua
rosa,kiat,kuat
roti asrep,roti tawar,roti tawar
rubuh,rebah,roboh
rubung,kempal,kumpul
rubungan,kempalan,berkumpul
rubung-rubung,rubung-rubung,kumpul-kumpul
rugi,tuna,rugi
rumasa,rumaos,merasa
rumat,remat,jaga
rumpil,rumpil,rumpil
rumpon,rumpon,angker
runding,runding,runding
rundingan,rundingan,rundingan
rungu,pireng,dengar
runtut,rukun,rukun
rupa,rupi,rupa
rupa-rupa,rupi-rupi,rupa-rupa
rupek,ripek,sempit
ruru,madosi,mencari
rusak,risak,rusak
rusuh,rusuh,nakal
ruwed,ruwed,ruwet
saarepe,saajenge,di depannya
samban,samban,setiap
sabar,sabar,sabar
saben,saben,setiap
sabenere,salerese,sebenarnya
sabrang,cabe,cabai
sabuk,sabuk,sabuk
saburie,sapengkere,di belakangnya
sacuwil,sekedik,sedikit
sadelat (sadekat),sekedap,sebentar
sadina,sadinten,sehari
sadurunge,saderenge,sebelumnya
saking,saking,dari
sakiyen (kiyen),sapuniki,sekarang
sakiyen (samene),semanten,sekian
salah,sawon,salah
salawase,saelamine,selamanya
salawe,selangkung,dua puluh lima
salin,gantos,ganti
samana,semanten,sekian
samban,samban,setiap
samene,samenten,sekian
samono,samonten,segitu
sampe,sampe,sampai
sanajana,sanaosa,sekalipun
sandangan,ageman,pakaian
sangit,sangit,sangit.
santer,santer,cepat
sapa (nyapa),sapa (taken),sapa
sapa (siapa),sinten,siapa
sapi,sapi,sapi flembu
sapih,pegeng,menyapih
sapira,sepinten,seberapa
sapisan,sepisan,satu kali
sapu,sapu,sapu
saring,saring,saring
sarung,sarung,sarung
sate,sate,satai
sateruse,saterase,seterusnya
satitik,sekedik,sedikit
satoan,kewan,hewan
sawah,sabin,sawah
sawise,sesampune,sesudahnya
sebab,karenten,karena
sebut,sebat,sebut
sedulur,sederek,saudara
sedulur misan,sederek misän,saudara misan
sedulur nom,sederek nem,adik
sedulur tuwa,sederak sepah,kakak
sepuluh,sedasa,selawe
sering,asring,kerap
seru,seru,nyaring
setaun,senaun,setahun
sewet,sewet,benting
sewot,nepsu,marah
sida,ciyos,jadi
sigar,sigar,belah
sii,setunggal,satu
sikil,sampeyan,kaki
sikut,sikut,siku
silih,ampil,pinjam
sing,saking,dari
singa,sima,singa
singendi,sakingpundi,darimana
singkana,sakingrika,darisana
singkene,singriki,darisini
sira,panjenengan,anda
sisi,sisi,samping
sisih,semprit,sengseng
sokong,sokong,dukung
solokan,solokan,selokan
sor,andap,bawah
sore,sonten,petang
srobot,srobot,rebut
sugih,sugih,kaya
suket,suket,rumput
sukiki,benjing,besok
sunat,khitan,khitan
supaya,supados,supaya
surak,surak,sorak
surat,layang,nawala
suruh,sirih,sirih
surup,surup,terbenam
susah,sesah,sukar
susu (orang),pembayun,susu
susu (sapi),susu,susu
suwara,suwanten,suara
suwe,dangu,lama
suwe-suwe,dangu-dangu,lama kelamaan
suwiwi (cuwiwi),suwiwi,sayap
tabib,tabib,tabib
tabu,tabu,pantangan
tai,tinja,tinja
takon,tangled,tanya
talang,gentos,ganti
tali,tali,tali
tamba,loloh,obat
tambah,tambih,tambah
tambang,tambang,tambang
tamu,dayoh,tamu
tanda,tanda,tanda
tandatangan,tapak asta,tandatangan
tandur,tanem,tanam
tangan,asta,asta
tangga,tangg,tetangga
tanggung,tanggel,tanggung
tanggungjawab,tanggungjawab,tanggungjawab
tangi,wungu,bangun
tangis,mular,tangis
tangtu,tamtos,tentu
tani,tanos,tani
tapa,tapa,bertapa
tapi,tapi,tetapi
tapih,sinjang,kain panjang
tape,tape,tapai
tari,taros tantun,lamar
tarik,tarik,tarik
tata,tata,pahat
tatal,tatal,tatal
taun,taun,tahun
taunan,naunan,tahunan
tawa,tawis,tawar
tebu,rorosan,tebu
teka,teka,datang
teka ning,rawuh,sampai di.
teken,dumugi teng,tandatangan
(td.tangan),teken,tongkat
teken (tongkat),teken,terlambat
telat,telat,telat
telik,njelimet,jelimet
telik sandi,rusia,rahasia
telu,tiga,tiga
telulas,tigawelas,tiga belas
telulikur,tigalikur,dua puluh tiga
telungatus,tagangatus,tiga ratus
telungewu,tigangewu,tiga ribu
tembaga,tembaga,tembaga
tembang,tembang,nyanyian
tembus,tembus,tembus
temen,pindah,sekali
temenan,leres,sungguh
tempuh,gentos,ganti
temu,kepanggih,bertemu
tengah,tengah,tengah
tenimbang,tenimbang,dari pada
tepes,tepes,sabut
tepung (kenal),tepang,kenal
tepung (nyambung),tepang,nyambung
teratur,teratur,teratur
terima,tampi,terima
tertib,tertib,tertib
terus,teras,terus
tetepungan,tetepangan,perkenalan
tetes banyu),tetes,tetes
tetes (endog),tetes,tetas
tetuwa,sesepuh,orang tua
tiba,dawah,jatuh
tikus,berit,tikus
tilik,seba,jenguk
tinggal,tilar,tinggal
inggal dunya,tilar dunya,meninggal
tiru,tiru,tiru
tiruan,tiruan,tiruan
tliksik,tliksik,rumit
tonton,tingal,tonton
tontonan,tontonan,tontonan
trengginas,tren gginas,tangkas
truwelu,truwelu,kelinci
tuduh,tedah,sangka
tugel,putus,patah
tukar (tukaran),padu,tengkar
tukar (urupan),tukar,tukar
tukaran,tukaran,bertengkar
tuku,mundut,beli
tulis,serat,tulis
tulung,tulung,tolong
tuma,tuma,kutu
tuman,tuman,madat
tumbak,tumbak,tombak
tumpah,tumpah,tumpah
tumpak,titi,naik
tumpuk,tumpuk,timbun
tuna,tuna,rugi
tunda,taro,taruh
tunggal,sami,sama
tunggang,titi,tunggang
tunggangan,titian,tunggangan
tunggu,tengga,tunggu
tungkak,tungkak,tumit
turon,sarean,tiduran
turu,sare,tidur
turunan,turunan,keturunan
turunan (nyontek),turunan,nyontek
tutu,gentang,tumbuk padi
tutup,tutup,tutup
tutur,sanjang,cerita
tuwa,sepah,tua
tuwak,tuwak,tuak
tuwan,tuwan,tuan
ucap,canten,kata
ucul,ucul,lepas
udag,udag,kejar
udal,udal,bongkar
udan,jawoh,hujan
udan-udanan,jawoh-jawohan,hujanhujanan
udar,udar,lepas
udeng,destar,ikat kepala
udud,rokok,rokok
udun,turun,turun
udur,alangan,halangan
uga,ugi,juga
ujar-ujar,ujar-ujar,sumpah
uji,uji,coba
ujug-ujug,ujug-ujug,tiba-tiba
ukir,ukir,ukir
ukiran,ukiran,ukiran
ukuman,ukuman,hukuman
ukur,ukur,ukur
ula,sawer,ular
ulem,ulem,undangan
ulem-ulem,ulem-ulem,undang-undang
ulu,riyin,dahulu
ulur,ulur,ulur
umah,dalein,rumah
umah-umah,emah-emah,rumah tangga
umbag,umbag,tingkat
umbah,cuci,cuci
umbang,duka,marah
umbar,umbar,lepas
umbel,umbel gading,ingus
umpak,umpak,ganjal
umpama,upami,umpama
umum,umum,umum
umur,yuswa,usia
undag,undag,tingkat
undak,indak,lebih
undang,undang,panggil
undur,undur,undur
undur-undur,undur-undur,binatang bukang
unen-unen,unen-unen,bebunyian
unggah,inggah,naik
unggahunggahan,inggahinggahan,kenaikan
unggah-unggahan,tanjakan,pendakian
unggah-ungguh,unggahungguh,tata karma
ungkur,pengker,belakang
uni,ungel,bunyi
unine,ungele,suaranya
unjal,unjal,angkut
unjuk,inggil,atas
untu,waja,gigi
untuk,untuk,buih
untuk,[untuk,,busa
untung,untung,untung
unyeng-unyeng,unyeng-unyeng,pusar kepala
upa,upa,bagian dan nasi
upah,upah,bayaran
upama,upami,umpama misal
urang,urang,udang
urip,gesang,hidup
urung,boten tulus,urung
usil,usil,usil
usul,ucul,usul
usum,usum,musim
usung,usung,angkat
utang,ampil,pinjam
utawa,atanapi,atau
utik,utik,ganggu
uwis,sampun,sudah
uwong,tiyang,orang
uwot,uwot,titian
uyah,sarem,garam
uyuh,seni,urin
uyup,uyup,inum
uzur,alangan,alangan
waca,waos,baca
wacan,waosan,bacaan
wadah,wadah,tempat
wadon,estri,perempuan
wain,wain,bersin
waktu,wekdal,waktu
wani,wantun,berani
wanita,wanita,wanita
wantu,tambih,tambah
wara,pajar,memberitahu
wara,pajar,memberitahu
waras,waluya,sembuh
wareg,tuwuk,kenyang
warga,wargi,warga
warisan,wansan,warisan
warma,wami,warna
wartawan,wartawan,wartawan
warung,warung,kedai
wasiat,wasiat,pesan
wates,wates bates,batas
watir,kuwatos,kuatir
watu,sela,batu
watuk,cekoh,batuk
wayah,wanci,waktu
wayang,wayang,wayang
wedang,wedang,air matang
wedi,ajrih,takut
wedi,pasir,pasir
wedus,menda,kambing
wejangan,nasehat,nasehat
welut,welut,belut
wengi,dalu,malan
wema,warni,warna
werna-rupa,warni rupi,aneka rag am
wema-werna_,warni-warni,warna warna
weruh,uninga,tahu
wesi,tosan,besi
wesuh,wesuh,cuci
weteng,pedaharan,perut
weton,wedalan,keluaran
wewara,pepajar,memberi tahu
wewara,kabar,berita
weweh,nyukani,memberi
wicara,ngandika,bicara
wilang,wilang,hitung
wingi,wingi,kemarin
wini,wintun,benih padi
wirang,wirang,aib
wis,sampun,sudah
wit,wit,pohon
woh,woh,buah
wong,tiyang,orang
wong tuwa,tiyang sepah,orang tua
wot,wot,titian
wran gka,wrangka,kerangka
wuda,wuda,telanjang
wudel,tutukan,pusar
wudun,wudun,bisul
wulan(waktu),sasi,bulan
wulan-(planit),candra,bulan
wulang,wucal,ajar
wulu,wulu,bulu
wuruk,wucal,ajar
wurung,sande,batal
wuta,picek,buta
wutuh,wutuh,utuh
wuwu,wuwu,bubu
ya,enggih,ya
yaiku,inggih punika,yaitu
yen,upami,kalau
yongan,yong,karena
yuyu,ketam,ketam
zakar,zakar,penis
zakat,zakat,zakat
zaman,zaman,zaman
ziarah,ziarah,ziarah
sega,sekul,nasi
segara,seganten,laut
segenah,setempat,setempat
sejen,benten,beda
selang,selang,sisip
selamet,wilujeng,rahayu
selang,sambut,pinjam
selang (pipa karet),selang,selang
selap,selang,sisip
sele,sele,salai
sele (beda),benten,lain
selean,benten,berlainan
semana,semanten,sekian
semene,samenten,segini
semono,semonten,segitu
semrawut,semrawut,semrawut
semut,semut,semut
sendok,sendok,sendok
seneng,rena,senang
sengit,sengit,benci
sengsara,sengsara,sengsara
senter,senter,sbrot
separoh,sepalih,separuh
sep,sepen,suny
sapisan,sepindah sekali,sekali
sepi nyanyep,sepi nyanyep,sunyi sepi
kari,kantun,ketinggalan
karian,kantunan,sisa
karo,tuwin,dengan
karuan,kantenan,pasti
kasep,kekantunan,terlambat
kasep,sae,bagus
katisen,katisen,kedinginan
katok,lancingan,celana pendek
katon,ketingal,tampak
kaya,kados,seperti
kayu,kajeng,kayu
kebo,maisa,kerbau
kebon,kebon,kebun
keburu,kebujeng,keburu
kecandak,kecepeng,tertangkapp
kedeleng,ketingal,tampak
kegugu,kegugu,geli (tertawa)
kejaba,kejawi,kecuali
kelalen,kesupen,lalai
kelar,pesta,selesai
kelingan,kemutan,ingat
kelir,beres,selesai
kelir,kelir,layar
kelinu,kelintu,keliru
keluwarga,kaluwargi,keluarga
kembang,kembang,bunga
